,0
alien,657
like,599
just,464
know,383
ufo,372
time,326
think,319
people,292
thing,269
video,268
year,250
life,247
human,235
dont,180
earth,179
planet,178
thought,177
light,174
look,173
make,170
really,169
saw,167
way,160
believe,157
say,145
day,137
said,135
technology,133
want,131
maybe,130
story,125
come,124
footage,124
object,124
looked,123
government,123
experience,122
night,121
real,119
did,118
going,117
world,116
lot,115
looking,113
sighting,110
seen,107
remember,106
eye,104
dream,103
post,103
feel,103
sky,102
specie,102
got,101
good,100
ive,100
different,95
universe,95
house,94
star,94
friend,91
right,91
information,89
craft,89
kind,88
point,87
away,85
sure,85
mind,85
report,84
happened,84
similar,84
phenomenon,83
case,83
came,83
long,83
extraterrestrial,82
ago,82
space,81
book,81
new,81
let,81
idea,79
went,79
fact,78
mean,77
question,77
actually,77
grey,76
able,76
evidence,75
place,74
energy,73
advanced,73
reason,72
probably,72
guy,71
possible,70
little,70
trying,70
contact,69
moving,68
interesting,68
form,68
comment,67
race,67
help,67
need,65
outside,65
old,65
big,65
link,64
flying,64
ve,63
talk,63
far,62
bit,62
thinking,61
work,61
god,61
didnt,61
sleep,60
felt,60
theory,60
use,60
air,60
stuff,59
area,59
heard,59
type,59
started,59
force,59
weird,58
thats,57
coming,57
control,57
live,56
state,56
exist,56
tell,55
ship,55
encounter,55
event,55
head,55
window,54
small,54
fear,54
talking,54
picture,54
body,54
used,53
reptilian,53
left,53
100,53
recently,53
history,52
black,52
read,52
military,52
travel,51
pretty,51
sort,51
future,51
great,51
strange,51
happen,50
person,50
moon,50
feeling,50
abduction,50
told,50
second,50
blue,50
million,49
doing,49
sound,49
hear,48
close,48
explain,48
sense,48
past,48
family,48
group,48
today,48
disclosure,48
start,48
number,47
fast,47
research,47
don,47
explanation,47
document,46
understand,46
home,45
wanted,45
living,45
having,45
high,45
intelligent,45
created,45
quite,45
week,44
project,44
consciousness,44
share,44
watching,44
room,43
atmosphere,43
theyre,43
dimension,43
power,43
fake,43
source,43
hope,43
interested,42
material,42
physical,42
segment,42
claim,42
galaxy,42
love,42
truth,41
white,41
wasnt,41
open,41
watched,41
best,41
doesnt,41
moved,41
end,40
movie,40
existence,40
scientist,40
civilization,40
minute,40
paralysis,40
wonder,40
hard,40
try,40
using,40
hour,40
solar,40
called,39
answer,39
likely,39
seeing,39
given,39
turn,39
subject,39
topic,38
secret,38
true,38
subreddit,38
war,38
study,37
interview,37
crazy,37
asked,37
belief,37
speed,37
course,37
took,36
reality,36
witness,36
example,36
middle,36
man,36
ancient,35
leave,35
getting,35
hand,35
public,35
scientific,35
inside,35
later,34
better,34
certain,34
id,34
unknown,34
closer,34
view,34
plane,34
making,34
scared,34
curious,34
memory,33
month,33
nuclear,33
door,33
cloud,33
large,33
figure,33
news,33
documentary,33
possibly,33
completely,33
10,32
parent,32
saucer,32
wondering,32
shape,32
red,32
based,31
base,31
saying,31
known,31
face,31
playing,31
related,31
car,31
individual,31
le,31
watch,30
isnt,30
dark,30
program,30
intelligence,30
balloon,30
woke,30
change,30
spiritual,30
foot,30
knowledge,30
assume,29
stopped,29
actual,29
chance,29
tried,29
community,29
animal,29
15,29
hot,29
opinion,29
percent,29
humanity,29
tall,28
matter,28
tree,28
common,28
dr,28
official,28
huge,28
camera,28
self,28
slowly,28
reading,28
guess,28
problem,28
obviously,27
gone,27
field,27
taking,27
creature,27
venus,27
water,27
age,27
attention,27
didn,27
science,27
shit,27
bright,27
direction,27
writing,27
imagine,27
doubt,26
couple,26
mother,26
reddit,26
youtube,26
deal,26
female,26
wrong,26
gray,26
wouldnt,26
kept,26
kid,26
internet,26
orb,26
posted,26
recent,26
morning,26
deep,26
extremely,26
moment,26
simply,26
mass,26
believer,26
literally,26
exact,26
forward,25
mention,25
town,25
appears,25
line,25
tech,25
care,25
working,25
hey,25
lived,25
check,25
religion,25
article,25
astronaut,24
drone,24
personally,24
send,24
longer,24
recall,24
billion,24
20,24
free,24
purpose,24
incident,24
basically,24
walking,24
instead,24
medium,24
noticed,24
cause,24
resource,24
ask,24
quickly,24
higher,24
hi,24
truly,24
crash,23
connection,23
bed,23
create,23
clear,23
soul,23
phone,23
stated,23
brain,23
background,23
proof,23
cia,23
short,23
reach,23
circle,23
original,23
running,23
delonge,23
continue,23
tom,23
immediately,23
ground,23
et,23
evolved,23
image,23
wood,23
entity,23
happening,23
wasn,23
anybody,23
humanoid,23
directly,22
weapon,22
ability,22
episode,22
ready,22
ridicule,22
learn,22
society,22
paper,22
filmed,22
normal,22
team,22
super,22
abducted,22
definitely,22
exactly,22
thanks,22
set,22
feature,22
step,22
appeared,22
website,22
happens,22
clearly,21
thousand,21
country,21
bob,21
following,21
taken,21
learning,21
info,21
page,21
simple,21
gonna,21
size,21
near,21
honestly,21
word,21
wake,21
concept,21
driving,21
2020,21
entire,20
researcher,20
dna,20
mental,20
kinda,20
site,20
mentioned,20
incredible,20
explained,20
general,20
ran,20
aware,20
older,20
experienced,20
youre,20
particular,20
tv,20
die,20
job,20
disappeared,20
hearing,20
appear,20
finding,20
odd,20
stop,20
vehicle,20
telling,20
discussion,20
important,20
bring,20
impossible,20
level,20
piece,20
pilot,20
searching,19
release,19
floor,19
film,19
understanding,19
ill,19
skin,19
visited,19
pattern,19
voice,19
sitting,19
habitable,19
potential,19
including,19
shot,19
nearly,19
suddenly,19
hide,19
asleep,19
mom,19
communication,19
turned,19
multiple,19
sub,19
spot,19
conspiracy,19
girlfriend,19
channel,19
current,19
distance,18
creating,18
emotion,18
unidentified,18
photo,18
color,18
main,18
laser,18
talked,18
yellow,18
agency,18
supposed,18
conversation,18
movement,18
special,18
visible,18
fall,18
possibility,18
university,18
ai,18
thank,18
green,18
knew,18
begin,18
easily,18
director,18
search,18
reference,18
bunch,18
run,18
connected,18
frame,18
motion,17
message,17
decided,17
finally,17
lol,17
brother,17
president,17
account,17
glowing,17
roswell,17
witnessed,17
timeline,17
mile,17
seriously,17
member,17
anymore,17
sample,17
orange,17
rule,17
pyramid,17
hello,17
yeah,17
security,17
apparently,17
signal,17
mufon,17
bigger,17
language,17
bible,17
specific,17
produce,17
peace,17
ocean,17
child,17
personal,17
lead,17
street,17
john,17
natural,17
visiting,17
discovered,17
weve,17
cool,17
smaller,17
mutilation,17
note,16
satellite,16
followed,16
neighbor,16
money,16
regarding,16
learned,16
location,16
sun,16
game,16
christian,16
involved,16
changed,16
w56,16
continued,16
happy,16
structure,16
description,16
havent,16
worked,16
bad,16
podcast,16
origin,16
school,16
needed,16
aircraft,16
analysis,16
sent,16
property,16
taught,16
access,16
wave,15
center,15
posting,15
expect,15
title,15
cell,15
negative,15
evolution,15
whats,15
shooting,15
probe,15
surface,15
quality,15
intention,15
road,15
worth,15
capable,15
friendly,15
decade,15
visit,15
zoom,15
wish,15
showing,15
usa,15
effect,15
vision,15
process,15
interstellar,15
woman,15
prove,15
cover,15
various,15
welcome,15
arent,15
data,15
wrote,15
straight,15
defense,15
pentagon,15
brought,15
army,15
bedroom,15
single,15
led,15
reply,15
low,15
radar,15
population,14
test,14
idk,14
yes,14
ny,14
shaped,14
perfect,14
online,14
metal,14
standing,14
date,14
unless,14
strong,14
attempt,14
wont,14
list,14
terrestrial,14
add,14
exists,14
quote,14
submitted,14
visitor,14
eventually,14
propulsion,14
convinced,14
file,14
wouldn,14
usually,14
overall,14
flight,14
pas,14
especially,14
coast,14
totally,14
tic,14
flash,14
hold,14
notice,14
began,14
skeptical,14
major,14
believed,14
horizon,14
art,14
basis,14
developed,14
speak,14
trip,14
massive,14
hell,14
yesterday,14
sign,14
noise,14
absolutely,14
hovering,14
american,14
effort,14
feed,14
davis,13
mystery,13
record,13
faster,13
changing,13
opened,13
user,13
released,13
soon,13
wondered,13
born,13
position,13
closed,13
essentially,13
skeptic,13
influence,13
lazar,13
somewhat,13
support,13
occur,13
asking,13
aspect,13
follow,13
sphere,13
stupid,13
fucking,13
studying,13
starting,13
30,13
drive,13
store,13
august,13
ear,13
credible,13
discover,13
discovery,13
separate,13
california,13
religious,13
cgi,13
order,13
described,13
meeting,13
meant,13
height,13
matrix,13
rogan,13
finger,13
nonsense,13
march,13
amazing,13
trail,13
angle,13
consider,13
51,13
tower,13
lost,13
food,13
culture,12
previous,12
goal,12
okay,12
walk,12
radio,12
generation,12
newspaper,12
professor,12
genetic,12
claimed,12
conflict,12
navy,12
experiment,12
eric,12
incredibly,12
legit,12
situation,12
simulation,12
sight,12
biological,12
appreciate,12
shocked,12
blink,12
13,12
couldn,12
theyve,12
september,12
yard,12
tac,12
beginning,12
leaked,12
path,12
stone,12
content,12
average,12
fly,12
staring,12
perfectly,12
backyard,12
perspective,12
astral,12
interaction,12
south,12
empire,12
late,12
beach,12
nature,12
flew,12
meet,12
capture,12
pointed,12
poll,12
respect,12
metallic,12
universal,12
complete,12
remain,12
compelling,12
action,12
act,12
death,12
powerful,12
realistic,12
nation,12
national,12
meditation,12
fun,12
meaning,12
conclusion,12
hole,12
mark,12
fully,12
hiding,12
difference,12
airport,12
pic,11
fit,11
creation,11
friendship,11
communicate,11
present,11
confused,11
young,11
presence,11
paranormal,11
popular,11
fuck,11
condition,11
plain,11
stood,11
collective,11
hill,11
hostile,11
sea,11
screen,11
dinosaur,11
male,11
allow,11
hoax,11
alive,11
highly,11
method,11
rock,11
revealed,11
ufology,11
men,11
uk,11
earlier,11
cattle,11
met,11
section,11
angel,11
anomaly,11
hypothesis,11
island,11
isn,11
stay,11
invasion,11
stuck,11
spread,11
ball,11
sudden,11
instance,11
arm,11
solid,11
leaving,11
biggest,11
bird,11
shared,11
ll,11
excited,11
harm,11
extra,11
mexico,11
wanna,11
region,11
grandparent,11
recorded,11
father,11
dealing,11
dad,11
60,11
familiar,11
currently,11
psychological,11
provide,11
projection,11
garbage,11
occurred,11
modern,11
google,11
mentioning,11
reported,11
unusual,11
century,11
misleading,11
hair,11
remained,11
german,10
environment,10
entirely,10
frequency,10
dog,10
law,10
fell,10
emotional,10
key,10
filled,10
observable,10
eat,10
gas,10
east,10
float,10
focus,10
crashed,10
department,10
obvious,10
leg,10
manifest,10
decision,10
disk,10
mar,10
difficult,10
hopefully,10
mainstream,10
machine,10
fascinating,10
october,10
option,10
heavy,10
dead,10
operation,10
disappear,10
disappearing,10
demon,10
panel,10
nasa,10
damn,10
heart,10
evolutionary,10
correct,10
false,10
evil,10
floating,10
according,10
range,10
play,10
50,10
unity,10
confirmed,10
clip,10
warning,10
showed,10
ce5,10
plus,10
waking,10
reptile,10
poor,10
removed,10
suggestion,10
smart,10
son,10
apollo,10
version,10
bathroom,10
realm,10
spaceship,10
submission,10
spectrum,10
press,10
chief,10
received,10
aurora,10
checked,10
stayed,10
caught,10
blinked,10
rich,10
12,10
sekret,10
sat,10
tool,10
secrecy,10
14,10
200,10
term,10
2018,10
considering,10
telepathic,10
physic,10
review,10
sentient,10
sexual,10
wild,10
published,10
considered,10
shade,10
capability,10
150,10
attack,9
raliens,9
dwarf,9
recording,9
mountain,9
nice,9
staying,9
appearance,9
tent,9
dangerous,9
assuming,9
implies,9
technologically,9
suggest,9
english,9
realized,9
ets,9
realize,9
email,9
david,9
choose,9
suspect,9
artificial,9
dumb,9
evening,9
debate,9
break,9
catch,9
local,9
located,9
cat,9
return,9
carbon,9
boyfriend,9
seemingly,9
shown,9
lying,9
mainly,9
scary,9
scale,9
build,9
save,9
device,9
discus,9
degree,9
jesus,9
spirit,9
joe,9
joint,9
june,9
regular,9
awake,9
modified,9
bacteria,9
spent,9
central,9
specifically,9
mission,9
larger,9
somebody,9
slow,9
min,9
certainly,9
text,9
development,9
previously,9
falling,9
observe,9
fight,9
agree,9
picked,9
ttsa,9
plant,9
typical,9
uap,9
garden,9
advance,9
collect,9
crop,9
george,9
credibility,9
wilson,9
officer,9
unlikely,9
update,9
guard,9
prior,9
utica,9
fbi,9
greek,9
activity,9
fascinated,9
computer,9
abductees,9
vivid,9
extensive,9
absolute,9
physically,9
particle,9
passing,9
period,9
1998,9
al,9
worse,9
anonymous,9
pure,9
france,9
write,9
cut,9
ton,9
nordic,9
final,9
proven,9
allowed,9
ft,9
smoke,8
von,8
silicon,8
length,8
behavior,8
benevolent,8
11,8
global,8
flashing,8
built,8
sit,8
giving,8
slightly,8
volume,8
scenario,8
distant,8
forgot,8
figured,8
2015,8
2nd,8
fiction,8
freaked,8
laying,8
lit,8
listening,8
freak,8
listened,8
breakdown,8
listen,8
wed,8
fox,8
scene,8
wall,8
feedback,8
walked,8
dimensional,8
3d,8
identical,8
gotten,8
associated,8
helped,8
interact,8
summer,8
superior,8
supposedly,8
insect,8
enemy,8
expert,8
train,8
enjoy,8
enter,8
survive,8
honest,8
track,8
symbol,8
tail,8
task,8
april,8
tonight,8
round,8
exit,8
threat,8
hybrid,8
terrified,8
anyways,8
agenda,8
afraid,8
grab,8
affect,8
lately,8
active,8
grass,8
land,8
pay,8
dot,8
famous,8
kitchen,8
apart,8
spotted,8
greer,8
grow,8
dreaming,8
jump,8
united,8
faith,8
admit,8
issue,8
adult,8
audio,8
investigation,8
facing,8
eating,8
education,8
interplanetary,8
context,8
lady,8
pop,8
plausible,8
destroyed,8
offer,8
conscious,8
minded,8
neighborhood,8
outline,8
private,8
creator,8
raise,8
reaching,8
camp,8
passed,8
covered,8
constant,8
microbial,8
medical,8
colony,8
observation,8
personnel,8
observed,8
ok,8
recommend,8
network,8
meteor,8
non,8
chest,8
physicist,8
cold,8
daylight,8
daily,8
occasion,8
police,8
music,8
classified,8
china,8
nose,8
chemistry,8
city,8
concerned,8
detect,8
microbe,8
drop,7
adapt,7
college,7
understood,7
recovered,7
unfortunately,7
hallucination,7
underneath,7
monday,7
urge,7
debunked,7
missed,7
relate,7
absurd,7
lake,7
vibration,7
decent,7
opposite,7
opposed,7
mixed,7
speculation,7
knowing,7
moderator,7
colonel,7
acquired,7
regularly,7
practice,7
awesome,7
operate,7
gravity,7
debunk,7
regardless,7
receive,7
regard,7
autopsy,7
stranger,7
zoomed,7
strongly,7
total,7
aliens,7
hit,7
nut,7
argument,7
training,7
trained,7
teach,7
alot,7
inclined,7
ancestor,7
approach,7
pulled,7
infinite,7
everybody,7
temperature,7
northern,7
evolve,7
north,7
terrible,7
tesla,7
testimony,7
queen,7
apparent,7
hynek,7
closely,7
explore,7
intro,7
element,7
unaware,7
edgar,7
interdimensional,7
heading,7
sorry,7
narrative,7
egyptian,7
coincidence,7
professional,7
suit,7
heaven,7
elite,7
aka,7
institute,7
choice,7
supernatural,7
trigger,7
triangle,7
surprised,7
rate,7
engineering,7
rare,7
traveling,7
arizona,7
interacting,7
spinning,7
glow,7
mechanism,7
captured,7
richard,7
boy,7
sequence,7
series,7
convincing,7
philosophy,7
logical,7
logic,7
shadow,7
result,7
blood,7
wing,7
blinking,7
24,7
response,7
paradigm,7
resident,7
25,7
29,7
blimp,7
linked,7
function,7
loud,7
finished,7
shouldnt,7
lower,7
zone,7
develop,7
peer,7
detected,7
role,7
russia,7
youtuber,7
younger,7
percentage,7
buy,7
safe,7
contain,7
bullshit,7
fleet,7
robot,7
scare,7
majority,7
conventional,7
flare,7
designed,7
direct,7
brighter,7
constantly,7
discussed,7
rest,7
cycle,7
glass,7
pointer,7
gave,7
layer,7
weather,7
genetically,7
crap,7
waiting,7
reliable,7
web,7
battle,7
sick,7
sister,7
dolan,7
played,7
slept,7
doesn,7
300,7
ghost,7
originate,7
wide,7
concern,7
girl,7
smarter,7
skinny,7
apartment,6
1956,6
compassionate,6
holding,6
forever,6
foreign,6
forest,6
publicly,6
compare,6
forget,6
grabbed,6
wow,6
highway,6
click,6
17,6
notion,6
follower,6
ordinary,6
civilisation,6
thread,6
hunter,6
complex,6
visual,6
positive,6
focused,6
focusing,6
announcement,6
tip,6
vertical,6
tired,6
vibrating,6
120,6
wait,6
controlled,6
horse,6
travelling,6
constructed,6
america,6
altitude,6
7th,6
unlike,6
predator,6
pack,6
fabricated,6
wind,6
crossed,6
usual,6
correctly,6
ultimately,6
unable,6
haven,6
hate,6
fever,6
3rd,6
oh,6
worst,6
upload,6
produced,6
credence,6
plan,6
cost,6
handle,6
wife,6
hallway,6
gain,6
fairy,6
half,6
commercial,6
23,6
comprehend,6
twitter,6
covid,6
treat,6
treated,6
fifth,6
genuine,6
aim,6
helping,6
convince,6
truck,6
helium,6
helicopter,6
trust,6
progress,6
fravor,6
phoenix,6
vallee,6
vague,6
heat,6
frequently,6
phosphine,6
aerial,6
company,6
advancement,6
1st,6
master,6
awareness,6
declassified,6
debunking,6
la,6
lab,6
decide,6
missing,6
landing,6
soviet,6
relatively,6
latest,6
draw,6
beat,6
soldier,6
leader,6
social,6
remains,6
remembered,6
sleeping,6
remove,6
moderation,6
spring,6
invisible,6
jacques,6
involvement,6
recommendation,6
steven,6
mouth,6
steady,6
italy,6
reduce,6
referred,6
drug,6
awhile,6
chase,6
author,6
monster,6
stationary,6
join,6
available,6
july,6
keeping,6
dive,6
distinct,6
required,6
detailed,6
scientifically,6
ring,6
risk,6
destroy,6
broke,6
digging,6
camping,6
building,6
manage,6
lie,6
manipulation,6
manner,6
mantis,6
map,6
russian,6
rural,6
determine,6
roughly,6
design,6
luis,6
brief,6
disagree,6
shut,6
lifestyle,6
lifetime,6
ceiling,6
meter,6
bipedal,6
limit,6
shoot,6
bizarre,6
blind,6
cc,6
shift,6
sharing,6
locked,6
describes,6
blown,6
board,6
stomach,6
technically,6
investigating,6
arrive,6
teeth,6
suggests,6
cited,6
circumstance,6
intense,6
technological,6
sumerian,6
naturally,6
roof,6
netflix,6
insight,6
encourage,6
egg,6
input,6
initially,6
ended,6
increase,6
aren,6
arrival,6
necessary,6
argue,6
swear,6
entertainment,6
surrounding,6
citizen,6
approached,6
named,6
edge,6
theorist,6
theme,6
exciting,6
quantum,6
stream,6
damaged,6
style,6
astronomer,6
quiet,6
random,6
telescope,6
muscle,6
mysterious,6
error,5
antigravity,5
corner,5
blonde,5
differently,5
claiming,5
angry,5
category,5
deny,5
darkness,5
calling,5
civilian,5
circular,5
allen,5
appreciated,5
ariel,5
biology,5
disprove,5
alert,5
1000,5
expected,5
1897,5
application,5
breaking,5
2011,5
desert,5
fine,5
capacity,5
fianc√©,5
carried,5
box,5
altered,5
blowing,5
casual,5
cooper,5
blow,5
copy,5
2016,5
europa,5
16,5
class,5
2017,5
experimenting,5
2019,5
22,5
burned,5
doctor,5
entertaining,5
edward,5
chinese,5
backwards,5
cryptic,5
electromagnetic,5
drawing,5
exercise,5
einstein,5
fantastic,5
driven,5
debris,5
advisor,5
ad,5
character,5
assumed,5
educational,5
aside,5
chile,5
crew,5
added,5
addition,5
atmospheric,5
collectively,5
faction,5
fading,5
attraction,5
early,5
fair,5
address,5
admiral,5
collecting,5
bag,5
extraordinary,5
expose,5
external,5
airplane,5
40,5
45,5
expression,5
certainty,5
fellow,5
christianity,5
cross,5
bell,5
believing,5
56,5
chain,5
deeply,5
confident,5
dod,5
chapter,5
beam,5
chair,5
dedicated,5
dominant,5
chris,5
basic,5
ahead,5
barely,5
clothes,5
bang,5
encountered,5
accepted,5
accepting,5
chosen,5
da,5
kill,5
intentionally,5
preview,5
mankind,5
manipulating,5
principle,5
subconscious,5
inch,5
strike,5
stick,5
statement,5
stargazing,5
protect,5
stand,5
staff,5
proved,5
psychology,5
indicate,5
mack,5
indigenous,5
span,5
spacetime,5
southern,5
song,5
lose,5
rainbow,5
impression,5
imo,5
thesis,5
market,5
mechanic,5
testing,5
terrifying,5
hoping,5
terrestrials,5
telepathically,5
portion,5
pose,5
mcdonald,5
mature,5
mathematical,5
surveillance,5
surrounded,5
identified,5
suppress,5
identify,5
suppose,5
reveal,5
preserve,5
suggesting,5
imagination,5
pressure,5
prevent,5
software,5
inhabitant,5
smoking,5
smell,5
separation,5
senior,5
scream,5
scholar,5
legend,5
researched,5
leak,5
james,5
leaf,5
leading,5
lay,5
launch,5
sand,5
laughed,5
researching,5
jumped,5
route,5
killed,5
laugh,5
lasted,5
robert,5
reverse,5
knapp,5
repeated,5
introduction,5
letter,5
recurring,5
slowed,5
rapidly,5
liquid,5
instantly,5
similarity,5
silver,5
intended,5
reasoning,5
intent,5
intentional,5
shoulder,5
intriguing,5
interface,5
shortly,5
relation,5
shoe,5
relationship,5
shake,5
interviewed,5
service,5
relevant,5
served,5
historical,5
revelation,5
hint,5
parallel,5
wellknown,5
galactic,5
wearing,5
gathering,5
generally,5
pain,5
viewing,5
vid,5
pale,5
panicking,5
variety,5
tune,5
theyd,5
govt,5
grandma,5
gravitational,5
park,5
mitchell,5
mistake,5
passionate,5
guided,5
underground,5
west,5
william,5
native,5
wise,5
observing,5
zero,5
followup,5
nonphysical,5
foolish,5
nonetheless,5
nightmare,5
odds,5
forensics,5
wtf,5
forgive,5
worried,5
formation,5
forth,5
neumann,5
worldwide,5
freaking,5
fruit,5
ftl,5
worldly,5
necessarily,5
mirror,5
paralyzed,5
piloted,5
held,5
hieroglyph,5
perception,5
phd,5
tracking,5
peak,5
hanging,5
trouble,5
touch,5
harry,5
peaceful,5
pm,5
hat,5
trait,5
pissed,5
michael,5
medicine,5
pool,5
transcript,5
mercury,5
mentally,5
performing,5
remind,4
remaining,4
challenge,4
prepare,4
prepared,4
relax,4
reproduction,4
pitch,4
floated,4
creates,4
operating,4
reporting,4
clue,4
compared,4
request,4
cast,4
returned,4
resembled,4
politician,4
pope,4
obsession,4
causing,4
occurrence,4
portal,4
concluded,4
pls,4
credit,4
potentially,4
opening,4
confirm,4
connect,4
require,4
celebrity,4
reid,4
orbit,4
particularly,4
probability,4
quoted,4
core,4
quick,4
puzzling,4
participate,4
proceeded,4
putting,4
push,4
processing,4
raised,4
party,4
clarity,4
colleague,4
paying,4
paste,4
paul,4
prof,4
code,4
controversial,4
radiation,4
cigarette,4
ordered,4
reaction,4
organization,4
propose,4
constellation,4
chatter,4
crappy,4
crackpot,4
checking,4
cousin,4
reasonable,4
construction,4
consultant,4
react,4
primary,4
rational,4
pandemic,4
christ,4
couch,4
randomly,4
colorado,4
ranch,4
predicted,4
florida,4
carlson,4
translator,4
andor,4
trade,4
aloud,4
allegedly,4
alleged,4
algorithm,4
translated,4
traveled,4
sunlight,4
traveler,4
trick,4
trillion,4
agreement,4
agent,4
tucker,4
afford,4
toe,4
angled,4
annunaki,4
anomalous,4
surely,4
surprising,4
suspicious,4
tape,4
teacher,4
teaching,4
tease,4
technique,4
telepathy,4
television,4
app,4
anyones,4
thunder,4
anti,4
tie,4
affiliated,4
advancing,4
uneasy,4
waste,4
4th,4
27,4
wishful,4
2014,4
2012,4
2009,4
1960,4
writer,4
ya,4
yelling,4
youd,4
youll,4
youve,4
1012,4
zipping,4
500,4
wanting,4
unexplained,4
80,4
additional,4
unique,4
upwards,4
useful,4
validity,4
vallees,4
valuable,4
value,4
achieved,4
accurate,4
vessel,4
accompanied,4
victim,4
visitation,4
abduct,4
artist,4
summary,4
ride,4
shook,4
boulder,4
serf,4
bone,4
bomb,4
server,4
blueprint,4
shaky,4
birth,4
suitable,4
noticing,4
biosignature,4
shower,4
binoculars,4
silent,4
silly,4
sits,4
bowl,4
select,4
briefing,4
scratched,4
rise,4
rocket,4
roscoe,4
business,4
sake,4
san,4
bulk,4
saturday,4
saving,4
bug,4
btw,4
scanning,4
scattered,4
broadcast,4
brightness,4
bet,4
skepticism,4
benefit,4
static,4
statue,4
australia,4
strongest,4
atomic,4
student,4
astrophysicist,4
subscribe,4
substance,4
asteroid,4
assure,4
assumption,4
subtle,4
success,4
suffering,4
sufficient,4
station,4
standard,4
slim,4
sprinted,4
slip,4
slowing,4
soberly,4
soft,4
solution,4
bear,4
solve,4
someday,4
sooner,4
spacecraft,4
speaking,4
spending,4
balance,4
spiral,4
split,4
curiosity,4
practically,4
headed,4
economy,4
involves,4
marker,4
greatly,4
fan,4
eachother,4
marcy,4
greed,4
illinois,4
evolving,4
dummy,4
manifestation,4
malevolent,4
gun,4
dude,4
fallen,4
examination,4
makeup,4
dig,4
identification,4
developing,4
involve,4
farfetched,4
invite,4
invading,4
depth,4
easier,4
describing,4
meditating,4
impact,4
everyday,4
investigate,4
everyones,4
farm,4
glad,4
glance,4
immediate,4
despite,4
math,4
imagined,4
mastery,4
govern,4
jaw,4
maintain,4
hadnt,4
disseminate,4
hidden,4
holy,4
extinction,4
lighting,4
lack,4
landed,4
hieroglyphic,4
explaining,4
hillenkoetter,4
limited,4
licensed,4
diverse,4
explored,4
leaning,4
exposed,4
highranking,4
exponentially,4
dmt,4
dismiss,4
heal,4
journey,4
keel,4
existing,4
fairly,4
faint,4
hardly,4
howe,4
lucky,4
loving,4
faded,4
drastically,4
fabric,4
losing,4
faced,4
hd,4
disc,4
informative,4
dozen,4
listed,4
linda,4
intrigued,4
legitimacy,4
micro,4
french,4
flashlight,4
interpretation,4
include,4
equal,4
minimal,4
fighter,4
era,4
normally,4
founded,4
insane,4
envelope,4
escape,4
misled,4
gaining,4
indian,4
miss,4
neck,4
forced,4
fundamental,4
mix,4
fuel,4
mobile,4
monitor,4
intellectual,4
intact,4
indepth,4
defy,4
flag,4
estimate,4
folk,4
genuinely,4
nikola,4
depicting,4
multiverse,4
inhabit,4
depending,4
established,4
gathered,4
instant,4
industry,4
garage,4
nick,4
firm,4
dean,4
nevada,4
norm,4
michigan,4
flat,4
deleted,4
morally,4
generic,4
hovered,3
spotting,3
hostility,3
expensive,3
spoken,3
spoke,3
spike,3
host,3
teen,3
inclination,3
indirect,3
apple,3
temple,3
sounded,3
exponent,3
entering,3
influenced,3
throwing,3
threw,3
theyll,3
exploration,3
enthusiast,3
thanked,3
hollow,3
texture,3
induce,3
speculated,3
backed,3
homeworld,3
horrible,3
tend,3
appearing,3
technical,3
hyper,3
archive,3
attitude,3
increased,3
authentic,3
stephen,3
suggested,3
steve,3
associate,3
establish,3
answered,3
stonehenge,3
succeed,3
strangeness,3
baby,3
attempting,3
impressive,3
attached,3
improbable,3
europe,3
improved,3
eugene,3
astrophysics,3
ate,3
estimated,3
automatically,3
asks,3
esoteric,3
independent,3
az,3
equation,3
stabilize,3
exoplanet,3
exodus,3
equipment,3
hurt,3
tackling,3
survival,3
stumbled,3
ice,3
erase,3
icke,3
surprise,3
arrived,3
exception,3
ideology,3
avoid,3
avid,3
ignore,3
ex,3
immortality,3
observer,3
tictac,3
weirdness,3
warn,3
510,3
gather,3
weirder,3
gap,3
weirdly,3
funny,3
tight,3
whistleblower,3
whites,3
widespread,3
fighting,3
willing,3
247,3
62,3
6th,3
8ft,3
95,3
99,3
germany,3
waited,3
vividly,3
visually,3
gf,3
virus,3
violence,3
vinci,3
giant,3
accept,3
viewed,3
federal,3
win,3
wiped,3
wired,3
1940s,3
046,3
zigzagging,3
follows,3
100200,3
flesh,3
flattened,3
1213,3
footstep,3
yea,3
yall,3
written,3
fix,3
19,3
1920,3
wrap,3
21,3
firmly,3
1960s,3
1969,3
1970s,3
1978,3
worthy,3
worry,3
wormhole,3
forum,3
frightening,3
fucked,3
wonderful,3
witnessing,3
wisdom,3
featuring,3
featured,3
accomplish,3
traditional,3
hazy,3
trash,3
transparent,3
alarming,3
albert,3
translate,3
transition,3
transfer,3
healthy,3
trampoline,3
heavily,3
allows,3
alongside,3
traffic,3
alternate,3
tribe,3
tradition,3
extent,3
trace,3
tr3b,3
analyze,3
tough,3
highlight,3
toll,3
expressed,3
exposure,3
tiring,3
tiny,3
announced,3
tiktok,3
treasure,3
aid,3
accomplished,3
unexplainable,3
vector,3
glitch,3
acknowledge,3
acquaintance,3
vast,3
gordon,3
greatest,3
vacation,3
adapted,3
unit,3
adding,3
union,3
growing,3
guide,3
undoubtedly,3
faintly,3
uaps,3
twice,3
gut,3
turkey,3
falcon,3
af,3
tumbling,3
faked,3
tucson,3
hall,3
truthful,3
trustworthy,3
hallucinate,3
troll,3
sorta,3
interacted,3
ensure,3
infrared,3
detailing,3
matched,3
detection,3
communicating,3
presented,3
martian,3
marshall,3
commander,3
comet,3
diameter,3
colored,3
primate,3
manipulated,3
print,3
privy,3
potato,3
competing,3
competition,3
concise,3
plenty,3
conference,3
conduct,3
plethora,3
concrete,3
depicts,3
derrel,3
compiling,3
computing,3
meat,3
popped,3
designer,3
desk,3
desperate,3
died,3
procedure,3
malicious,3
dirt,3
classic,3
pupil,3
mad,3
purple,3
puzzle,3
louder,3
quietly,3
cleaning,3
quit,3
disappearance,3
circulated,3
lord,3
loose,3
cinema,3
pull,3
dino,3
collapse,3
properly,3
collaborate,3
coleman,3
production,3
differing,3
profile,3
promote,3
closest,3
psychologist,3
maintaining,3
maintained,3
provided,3
clone,3
provides,3
proxy,3
depiction,3
confirmation,3
player,3
outskirt,3
muslim,3
originally,3
originating,3
mud,3
outer,3
covert,3
overwhelming,3
crawl,3
mrx,3
paid,3
mr,3
motivated,3
debating,3
cosmic,3
organ,3
oregon,3
correlation,3
offered,3
nimitz,3
crowd,3
crossing,3
occasionally,3
oct,3
criticism,3
office,3
dawn,3
officially,3
ohare,3
daniken,3
nervous,3
opportunity,3
narrated,3
corroborate,3
paralyze,3
planetary,3
messing,3
demeanor,3
peripheral,3
denied,3
philip,3
photograph,3
pick,3
pink,3
perform,3
merged,3
placed,3
confusion,3
confuses,3
placing,3
confuse,3
constructive,3
contains,3
modular,3
deemed,3
model,3
parked,3
deception,3
partner,3
missile,3
controversy,3
patio,3
contemporary,3
mining,3
contrast,3
continues,3
pause,3
milky,3
midnight,3
disclose,3
church,3
loop,3
interpreted,3
boomerang,3
boom,3
serve,3
easter,3
echo,3
blurry,3
session,3
bothered,3
seti,3
setting,3
shadowy,3
edit,3
educated,3
sharp,3
bored,3
ease,3
shining,3
brightest,3
buddy,3
dubai,3
scaring,3
jacob,3
duty,3
involving,3
script,3
earthling,3
searched,3
seek,3
earliest,3
branch,3
sell,3
sending,3
shifting,3
shitless,3
dropped,3
endeavor,3
skywatchers,3
slight,3
insist,3
insightful,3
inner,3
behold,3
smiling,3
bending,3
inherited,3
ending,3
inhabited,3
engineered,3
ingredient,3
enhancement,3
belonging,3
inspection,3
shock,3
sift,3
interpret,3
international,3
efficient,3
shouldn,3
egypt,3
el,3
elaborate,3
emp,3
electronics,3
elizondo,3
sims,3
bias,3
instill,3
sized,3
drove,3
satan,3
lockheed,3
divided,3
disrespect,3
channeling,3
lifeforms,3
lid,3
releasing,3
chamber,3
division,3
charge,3
remote,3
divulge,3
replied,3
dm,3
represents,3
doc,3
reflecting,3
charles,3
requires,3
childhood,3
raw,3
chose,3
reached,3
likewise,3
rear,3
liked,3
reasonably,3
referring,3
recalled,3
recognize,3
dismissed,3
rectangle,3
disney,3
chasing,3
leap,3
dollar,3
jet,3
rude,3
ridiculous,3
roaming,3
killing,3
drake,3
calm,3
royal,3
ryan,3
download,3
sadly,3
jupiter,3
burning,3
bundle,3
joseph,3
joke,3
ridiculed,3
rid,3
dome,3
retired,3
caused,3
donald,3
resolution,3
responded,3
responsibility,3
responsible,3
doom,3
revolutionary,3
cartoon,3
carrying,3
labeled,3
double,3
career,3
doubtfully,3
038,3
